[
  {
    "id": "3534e123-f6d5-43d4-98b7-be78990a415f",
    "data": [
      {
        "text": "Tell me if ... .",
        "userDefined": false
      }
    ],
    "isTemplate": false,
    "count": 0,
    "updated": 0
  },
  {
    "id": "2047af08-268d-4e99-9b7c-f8130839d4a1",
    "data": [
      {
        "text": "Will it ... ?",
        "userDefined": false
      }
    ],
    "isTemplate": false,
    "count": 0,
    "updated": 0
  },
  {
    "id": "ab17c782-43a4-4891-ba2d-47b6c320079a",
    "data": [
      {
        "text": "Do you think ... ?",
        "userDefined": false
      }
    ],
    "isTemplate": false,
    "count": 0,
    "updated": 0
  },
  {
    "id": "8aac3aef-71e5-4dff-b2fe-154eb6c6a21b",
    "data": [
      {
        "text": "Should I ... ?",
        "userDefined": false
      }
    ],
    "isTemplate": false,
    "count": 0,
    "updated": 0
  }
]