[
  {
    "id": "1b5380aa-5965-4dc5-801f-0b272da65e80",
    "data": [
      {
        "text": "can you tell me your ip address",
        "userDefined": false
      }
    ],
    "isTemplate": false,
    "count": 0,
    "updated": 1518202959
  },
  {
    "id": "72d4a3bf-a58c-4790-a935-7537a0ef5b24",
    "data": [
      {
        "text": "what is your ip",
        "userDefined": false
      }
    ],
    "isTemplate": false,
    "count": 0,
    "updated": 1518202959
  },
  {
    "id": "a1f9dd59-8ee8-4760-83ac-521bce202a0d",
    "data": [
      {
        "text": "ip address",
        "userDefined": false
      }
    ],
    "isTemplate": false,
    "count": 0,
    "updated": 1518202959
  }
]