[
  {
    "id": "71a47a6b-ce95-4799-b107-9ac7d0dec648",
    "data": [
      {
        "text": "Sure, a drink sounds good.",
        "userDefined": false
      }
    ],
    "isTemplate": false,
    "count": 0,
    "updated": 0
  },
  {
    "id": "52e69f8e-40ff-4359-9eaf-bab5d2260f0d",
    "data": [
      {
        "text": "An ",
        "userDefined": false
      },
      {
        "text": "orange blast",
        "alias": "drink",
        "meta": "@drink",
        "userDefined": true
      },
      {
        "text": " sounds good.",
        "userDefined": false
      }
    ],
    "isTemplate": false,
    "count": 0,
    "updated": 0
  },
  {
    "id": "10c09ff4-6be0-465e-8673-091d740a060f",
    "data": [
      {
        "text": "Can you make me a ",
        "userDefined": false
      },
      {
        "text": "sunset cooler",
        "alias": "drink",
        "meta": "@drink",
        "userDefined": false
      },
      {
        "text": "?",
        "userDefined": false
      }
    ],
    "isTemplate": false,
    "count": 0,
    "updated": 0
  },
  {
    "id": "8f5debab-3783-4779-9bfd-25ba659652e7",
    "data": [
      {
        "text": "How about a ",
        "userDefined": false
      },
      {
        "text": "sunset cooler",
        "alias": "drink",
        "meta": "@drink",
        "userDefined": true
      },
      {
        "text": "?",
        "meta": "@sys.ignore",
        "userDefined": false
      }
    ],
    "isTemplate": false,
    "count": 0,
    "updated": 0
  },
  {
    "id": "00eae377-f442-4bc4-a8de-fc7d812c43c0",
    "data": [
      {
        "text": "I\u0027ll have a mocktail.",
        "userDefined": false
      }
    ],
    "isTemplate": false,
    "count": 0,
    "updated": 0
  },
  {
    "id": "209ecb8f-95c3-4262-a7ff-ea5d2870f1a6",
    "data": [
      {
        "text": "Just an ",
        "userDefined": false
      },
      {
        "text": "orange juice",
        "alias": "drink",
        "meta": "@drink",
        "userDefined": true
      },
      {
        "text": ", please.",
        "userDefined": false
      }
    ],
    "isTemplate": false,
    "count": 0,
    "updated": 0
  },
  {
    "id": "0bc9c486-3aaf-48b6-9f3f-efce4fe28267",
    "data": [
      {
        "text": "May I have a ",
        "userDefined": false
      },
      {
        "text": "sunset cooler",
        "alias": "drink",
        "meta": "@drink",
        "userDefined": false
      },
      {
        "text": "?",
        "userDefined": false
      }
    ],
    "isTemplate": false,
    "count": 0,
    "updated": 0
  },
  {
    "id": "ba10aaa3-2ff3-40cf-9601-6315ec38720c",
    "data": [
      {
        "text": "How about a ",
        "userDefined": false
      },
      {
        "text": "cherry bomb",
        "alias": "drink",
        "meta": "@drink",
        "userDefined": true
      },
      {
        "text": "?",
        "userDefined": false
      }
    ],
    "isTemplate": false,
    "count": 0,
    "updated": 0
  },
  {
    "id": "b31ac3f6-8d61-41f5-a251-10690e9b41f6",
    "data": [
      {
        "text": "Can I have a ",
        "userDefined": false
      },
      {
        "text": "cherry bomb",
        "alias": "drink",
        "meta": "@drink",
        "userDefined": true
      },
      {
        "text": "?",
        "meta": "@sys.ignore",
        "userDefined": false
      }
    ],
    "isTemplate": false,
    "count": 0,
    "updated": 0
  },
  {
    "id": "1407c249-78f4-4c33-a496-cfebba30fa1d",
    "data": [
      {
        "text": "Just an ",
        "userDefined": false
      },
      {
        "text": "orange juice",
        "alias": "drink",
        "meta": "@drink",
        "userDefined": true
      },
      {
        "text": ", thanks.",
        "userDefined": false
      }
    ],
    "isTemplate": false,
    "count": 0,
    "updated": 0
  }
]