[
  {
    "id": "f7ab57be-dc21-435f-9e5a-c358c114bcf0",
    "data": [
      {
        "text": "Prime pump ",
        "userDefined": false
      },
      {
        "text": "1.",
        "alias": "which_pump",
        "meta": "@sys.number",
        "userDefined": false
      }
    ],
    "isTemplate": false,
    "count": 0,
    "updated": 0
  },
  {
    "id": "de89ef4d-0ff1-4fb3-b9ce-27f88d243737",
    "data": [
      {
        "text": "Prime pump.",
        "userDefined": false
      }
    ],
    "isTemplate": false,
    "count": 0,
    "updated": 0
  }
]