[
  {
    "id": "ffc23489-0937-456a-85ce-9c2b93fad79a",
    "data": [
      {
        "text": "Stop priming pump ",
        "userDefined": false
      },
      {
        "text": "1",
        "alias": "number",
        "meta": "@sys.number",
        "userDefined": false
      },
      {
        "text": ".",
        "userDefined": false
      }
    ],
    "isTemplate": false,
    "count": 0,
    "updated": 0
  },
  {
    "id": "f4a378cf-f0cc-470b-bf96-d0e270f15770",
    "data": [
      {
        "text": "Stop.",
        "userDefined": false
      }
    ],
    "isTemplate": false,
    "count": 0,
    "updated": 0
  },
  {
    "id": "aa6148eb-cc8a-45d3-8a32-e67be05bec63",
    "data": [
      {
        "text": "Stop priming pump.",
        "userDefined": false
      }
    ],
    "isTemplate": false,
    "count": 0,
    "updated": 0
  },
  {
    "id": "2caeb8bb-a7e8-4a8f-92d9-86a3fb494550",
    "data": [
      {
        "text": "Stop priming.",
        "userDefined": false
      }
    ],
    "isTemplate": false,
    "count": 0,
    "updated": 0
  }
]