[
  {
    "id": "a3c099a8-4757-49b5-b2e9-3ed64727f25b",
    "data": [
      {
        "text": "I\u0027ll hear my ",
        "userDefined": false
      },
      {
        "text": "fortune",
        "alias": "prompt_response",
        "meta": "@prompt_response",
        "userDefined": true
      },
      {
        "text": ".",
        "userDefined": false
      }
    ],
    "isTemplate": false,
    "count": 0,
    "updated": 0
  },
  {
    "id": "12956b06-0350-4d46-a730-96ea4b245fe1",
    "data": [
      {
        "text": "My ",
        "userDefined": false
      },
      {
        "text": "fortune",
        "alias": "prompt_response",
        "meta": "@prompt_response",
        "userDefined": false
      },
      {
        "text": ".",
        "userDefined": false
      }
    ],
    "isTemplate": false,
    "count": 0,
    "updated": 0
  },
  {
    "id": "2ffd524b-f4f3-45ab-9f1e-f5dae6630058",
    "data": [
      {
        "text": "What\u0027s my ",
        "userDefined": false
      },
      {
        "text": "fortune",
        "alias": "prompt_response",
        "meta": "@prompt_response",
        "userDefined": true
      },
      {
        "text": "?",
        "userDefined": false
      }
    ],
    "isTemplate": false,
    "count": 0,
    "updated": 0
  }
]