[
  {
    "id": "daaf3675-883e-45af-b77d-0b0d0b50eee9",
    "data": [
      {
        "text": "No",
        "userDefined": false
      }
    ],
    "isTemplate": false,
    "count": 0,
    "updated": 0
  },
  {
    "id": "e264c9ab-7b87-43b7-a2fe-7d5ec0a17b91",
    "data": [
      {
        "text": "Maybe later",
        "userDefined": false
      }
    ],
    "isTemplate": false,
    "count": 0,
    "updated": 0
  },
  {
    "id": "1ecb9cbd-778a-4b11-a9bf-ff71f3cd7fba",
    "data": [
      {
        "text": "No thanks",
        "meta": "@sys.ignore",
        "userDefined": false
      }
    ],
    "isTemplate": false,
    "count": 0,
    "updated": 0
  },
  {
    "id": "0a252697-4374-4115-97bb-4e33857100d3",
    "data": [
      {
        "text": "Not now",
        "userDefined": false
      }
    ],
    "isTemplate": false,
    "count": 0,
    "updated": 0
  }
]