[
  {
    "id": "d4689323-3881-46af-bf48-b9db95d34182",
    "data": [
      {
        "text": "Hit me",
        "userDefined": false
      }
    ],
    "isTemplate": false,
    "count": 0,
    "updated": 0
  },
  {
    "id": "264058d8-6a2f-4055-ac3e-0808032a3da2",
    "data": [
      {
        "text": "Sure",
        "userDefined": false
      }
    ],
    "isTemplate": false,
    "count": 0,
    "updated": 0
  },
  {
    "id": "74f3b0f8-c9ad-4525-a131-a0021788a5fd",
    "data": [
      {
        "text": "Yes",
        "userDefined": false
      }
    ],
    "isTemplate": false,
    "count": 0,
    "updated": 0
  }
]