[
  {
    "id": "ddb2dc48-27e7-4cd8-96ec-210a1c83d2a6",
    "data": [
      {
        "text": "What\u0027s the ",
        "userDefined": false
      },
      {
        "text": "weather",
        "alias": "prompt_response",
        "meta": "@prompt_response",
        "userDefined": false
      },
      {
        "text": " like?",
        "userDefined": false
      }
    ],
    "isTemplate": false,
    "count": 0,
    "updated": 0
  },
  {
    "id": "ee14cb9f-d279-4e8b-86bb-f214eab3e122",
    "data": [
      {
        "text": "The ",
        "userDefined": false
      },
      {
        "text": "weather",
        "alias": "prompt_response",
        "meta": "@prompt_response",
        "userDefined": false
      }
    ],
    "isTemplate": false,
    "count": 0,
    "updated": 0
  },
  {
    "id": "78526f3d-442f-403f-a9a6-5d5739c33b44",
    "data": [
      {
        "text": "How about the ",
        "userDefined": false
      },
      {
        "text": "weather",
        "alias": "prompt_response",
        "meta": "@prompt_response",
        "userDefined": false
      },
      {
        "text": "?",
        "userDefined": false
      }
    ],
    "isTemplate": false,
    "count": 0,
    "updated": 0
  }
]