[
  {
    "value": "screwdriver",
    "synonyms": [
      "screwdriver",
      "orange juice vodka",
      "vodka orange juice"
    ]
  },
  {
    "value": "cranberry gin",
    "synonyms": [
      "cranberry gin",
      "gin cranberry"
    ]
  },
  {
    "value": "dancing bear",
    "synonyms": [
      "dancing bear"
    ]
  },
  {
    "value": "cape cod",
    "synonyms": [
      "cape cod",
      "cranberry vodka",
      "vodka cranberry"
    ]
  },
  {
    "value": "paradise",
    "synonyms": [
      "paradise"
    ]
  },
  {
    "value": "margarita",
    "synonyms": [
      "margarita"
    ]
  },
  {
    "value": "virgin in paradise",
    "synonyms": [
      "virgin in paradise"
    ]
  }
]